{
    "peer_id": "peer_001",
    "network": {
        "listen_ip": "0.0.0.0",
        "listen_port": 8080,
        "rpc_port": 8081,
        "max_connections": 50
    },
    "storage": {
        "shared_directory": "./shared_files",
        "max_file_size": "100MB",
        "allowed_extensions": [".pdf", ".txt", ".jpg", ".png", ".docx", ".zip"]
    },
    "peers": {
        "bootstrap_peers": [
            "http://192.168.1.10:8080",
            "http://192.168.1.11:8080"
        ],
        "backup_peers": [
            "http://192.168.1.20:8080"
        ]
    },
    "security": {
        "enable_auth": false,
        "api_key": null
    },
    "logging": {
        "level": "INFO",
        "file": "logs/peer.log"
    }
}